{
  "baseline_cn_ids": [
    8,
    16,
    35,
    41,
    46,
    47,
    48,
    49
  ],
  "filters": {
    "min_windows_raw": 4,
    "min_windows_eval": 8,
    "daytime_only": false,
    "daytime_range": [
      8.0,
      19.0
    ]
  },
  "alpha": [
    0.5,
    0.0,
    0.0,
    0.5
  ],
  "medical_scores": {
    "moca": {
      "n": 31,
      "correlations": {
        "circadian_score": {
          "r": 0.3806845885689759,
          "p": 0.03462245294449945
        },
        "task_score": {
          "r": 0.20186278891705706,
          "p": 0.2761553933380981
        },
        "movement_score": {
          "r": 0.21823830651711057,
          "p": 0.23821952825565382
        },
        "social_score": {
          "r": 0.16243142507750238,
          "p": 0.38264476146027926
        },
        "combined_score": {
          "r": 0.32606727159158955,
          "p": 0.07343018621780673
        }
      },
      "best_feature": "circadian_score",
      "best_r": 0.3806845885689759,
      "best_p": 0.03462245294449945
    },
    "zbi": {
      "n": 21,
      "correlations": {
        "circadian_score": {
          "r": 0.3684602969054802,
          "p": 0.10027451630022725
        },
        "task_score": {
          "r": 0.4198403841556063,
          "p": 0.058122610504051514
        },
        "movement_score": {
          "r": 0.3821144287238494,
          "p": 0.08737440775034835
        },
        "social_score": {
          "r": 0.19488934022003493,
          "p": 0.39723510055117195
        },
        "combined_score": {
          "r": 0.3501610242768668,
          "p": 0.11967874835439049
        }
      },
      "best_feature": "task_score",
      "best_r": 0.4198403841556063,
      "best_p": 0.058122610504051514
    },
    "dss": {
      "n": 17,
      "correlations": {
        "circadian_score": {
          "r": 0.039432964910482066,
          "p": 0.8805598517231548
        },
        "task_score": {
          "r": 0.09248717098576528,
          "p": 0.7240537599384659
        },
        "movement_score": {
          "r": -0.021018778026849275,
          "p": 0.9361817868626028
        },
        "social_score": {
          "r": 0.10502159858597575,
          "p": 0.6883134249366676
        },
        "combined_score": {
          "r": 0.08264729567582868,
          "p": 0.7524978336356738
        }
      },
      "best_feature": "social_score",
      "best_r": 0.10502159858597575,
      "best_p": 0.6883134249366676
    },
    "fas": {
      "n": 17,
      "correlations": {
        "circadian_score": {
          "r": 0.2852986187584787,
          "p": 0.26700470639003004
        },
        "task_score": {
          "r": 0.3516544277621142,
          "p": 0.1663105320615649
        },
        "movement_score": {
          "r": 0.38749538477362444,
          "p": 0.12435237682470512
        },
        "social_score": {
          "r": 0.06721680166373413,
          "p": 0.7977026791374962
        },
        "combined_score": {
          "r": 0.24049603863403235,
          "p": 0.3524694351011462
        }
      },
      "best_feature": "movement_score",
      "best_r": 0.38749538477362444,
      "best_p": 0.12435237682470512
    }
  }
}