{
  "classification_feature": "anomaly_rate",
  "anomaly_threshold": 1.4,
  "threshold_percentile": 20,
  "threshold_value": 0.0,
  "precision": 0.8292682926829268,
  "recall": 1.0,
  "f1": 0.9066666666666667,
  "specificity": 0.0,
  "accuracy": 0.8292682926829268,
  "sensitivity": 1.0,
  "confusion_matrix": {
    "tn": 0,
    "fp": 7,
    "fn": 0,
    "tp": 34
  },
  "ci_feature_mean": 0.1925339368186783,
  "ci_feature_std": 0.1894399552969626,
  "cn_feature_mean": 0.11520647048122805,
  "cn_feature_std": 0.13739166912424086,
  "ci_cn_ratio": 1.6712076675419905,
  "train_cn_subjects": [
    8,
    16,
    35,
    41,
    46,
    47,
    48,
    49
  ],
  "eval_cn_subjects": [
    33,
    34,
    36,
    37,
    44,
    45,
    65
  ],
  "eval_ci_subjects": [
    2,
    3,
    4,
    5,
    7,
    10,
    12,
    13,
    14,
    15,
    17,
    19,
    20,
    21,
    22,
    23,
    24,
    25,
    26,
    27,
    28,
    29,
    30,
    31,
    50,
    51,
    52,
    53,
    58,
    59,
    60,
    62,
    63,
    64
  ]
}