{
  "metadata": {
    "analysis_date": "2025-11-13 00:08:57",
    "model_name": "models/gemini-2.5-flash",
    "n_train_subjects": 47,
    "n_test_subjects": 19,
    "n_weeks_analyzed": 3
  },
  "performance": {
    "default": {
      "accuracy": 0.631578947368421,
      "precision": 0.6666666666666666,
      "recall": 0.9230769230769231,
      "f1": 0.7741935483870968,
      "auc": 0.6153846153846154
    },
    "personalized": {
      "accuracy": 0.47368421052631576,
      "precision": 0.6666666666666666,
      "recall": 0.46153846153846156,
      "f1": 0.5454545454545454,
      "auc": 0.5128205128205128
    },
    "improvement": {
      "accuracy": -0.15789473684210525,
      "precision": 0.0,
      "recall": -0.46153846153846156,
      "f1": -0.22873900293255134,
      "auc": -0.10256410256410264
    }
  },
  "weights": {
    "fixed_weights": {
      "diversity_impairment": 0.15,
      "temporal_impairment": 0.2,
      "perseveration_impairment": 0.15,
      "activity_impairment": 0.2,
      "daytime_impairment": 0.25,
      "social_impairment": 0.05
    },
    "average_personalized_weights": {
      "diversity_impairment": 0.09999999999999999,
      "temporal_impairment": 0.3326315789473685,
      "perseveration_impairment": 0.0618421052631579,
      "activity_impairment": 0.15999999999999998,
      "daytime_impairment": 0.27789473684210525,
      "social_impairment": 0.06763157894736843
    },
    "weight_change_statistics": {
      "diversity_impairment": {
        "mean_change": -0.04999999999999999,
        "std_change": 0.07432149225174584
      },
      "temporal_impairment": {
        "mean_change": 0.1326315789473684,
        "std_change": 0.09037012229033489
      },
      "perseveration_impairment": {
        "mean_change": -0.0881578947368421,
        "std_change": 0.07467844271337065
      },
      "activity_impairment": {
        "mean_change": -0.040000000000000015,
        "std_change": 0.11153238849863534
      },
      "daytime_impairment": {
        "mean_change": 0.027894736842105264,
        "std_change": 0.10405357665358952
      },
      "social_impairment": {
        "mean_change": 0.017631578947368422,
        "std_change": 0.09144121524168053
      }
    }
  },
  "anomaly_statistics": {
    "CN": {
      "n_subjects": 6,
      "mean_anomalies": 66.0,
      "std_anomalies": 66.66583332812493,
      "subjects_with_anomalies": 6
    },
    "MCI": {
      "n_subjects": 6,
      "mean_anomalies": 52.333333333333336,
      "std_anomalies": 38.43031211021957,
      "subjects_with_anomalies": 6
    },
    "AD": {
      "n_subjects": 7,
      "mean_anomalies": 33.42857142857143,
      "std_anomalies": 21.27276691558712,
      "subjects_with_anomalies": 7
    }
  },
  "test_predictions": [
    {
      "anon_id": 1,
      "true_diagnosis": "MCI",
      "default_score": 44.1544063350397,
      "personalized_score": 48.708501514676485,
      "n_anomalies": 10
    },
    {
      "anon_id": 6,
      "true_diagnosis": "AD",
      "default_score": 63.06860097791457,
      "personalized_score": 82.93237615450329,
      "n_anomalies": 68
    },
    {
      "anon_id": 9,
      "true_diagnosis": "CN",
      "default_score": 59.995517489250815,
      "personalized_score": 75.71743192757302,
      "n_anomalies": 174
    },
    {
      "anon_id": 13,
      "true_diagnosis": "MCI",
      "default_score": 67.35878852648636,
      "personalized_score": 80.82519447146258,
      "n_anomalies": 117
    },
    {
      "anon_id": 15,
      "true_diagnosis": "AD",
      "default_score": 57.99025701212858,
      "personalized_score": 92.39407060574509,
      "n_anomalies": 26
    },
    {
      "anon_id": 17,
      "true_diagnosis": "MCI",
      "default_score": 60.4445863926747,
      "personalized_score": 57.10945060139736,
      "n_anomalies": 84
    },
    {
      "anon_id": 20,
      "true_diagnosis": "MCI",
      "default_score": 55.79097963744978,
      "personalized_score": 84.14697197987603,
      "n_anomalies": 10
    },
    {
      "anon_id": 21,
      "true_diagnosis": "CN",
      "default_score": 51.5027296299688,
      "personalized_score": 49.522889920212606,
      "n_anomalies": 20
    },
    {
      "anon_id": 22,
      "true_diagnosis": "MCI",
      "default_score": 84.8716984122857,
      "personalized_score": 87.7260293214226,
      "n_anomalies": 43
    },
    {
      "anon_id": 23,
      "true_diagnosis": "AD",
      "default_score": 61.92891827790761,
      "personalized_score": 70.34566444975178,
      "n_anomalies": 37
    },
    {
      "anon_id": 25,
      "true_diagnosis": "AD",
      "default_score": 37.652986828212114,
      "personalized_score": 68.55861055193563,
      "n_anomalies": 10
    },
    {
      "anon_id": 29,
      "true_diagnosis": "AD",
      "default_score": 94.59530550041131,
      "personalized_score": 96.82189227111134,
      "n_anomalies": 54
    },
    {
      "anon_id": 34,
      "true_diagnosis": "MCI",
      "default_score": 59.48547179092257,
      "personalized_score": 79.97195670314633,
      "n_anomalies": 50
    },
    {
      "anon_id": 35,
      "true_diagnosis": "CN",
      "default_score": 54.139759225460516,
      "personalized_score": 85.58935176053393,
      "n_anomalies": 19
    },
    {
      "anon_id": 36,
      "true_diagnosis": "AD",
      "default_score": 72.83317592356538,
      "personalized_score": 91.54415387473209,
      "n_anomalies": 36
    },
    {
      "anon_id": 52,
      "true_diagnosis": "CN",
      "default_score": 48.85246684465905,
      "personalized_score": 80.94815079391478,
      "n_anomalies": 1
    },
    {
      "anon_id": 55,
      "true_diagnosis": "CN",
      "default_score": 58.28643538054186,
      "personalized_score": 91.89254012025744,
      "n_anomalies": 40
    },
    {
      "anon_id": 64,
      "true_diagnosis": "AD",
      "default_score": 46.689162558727006,
      "personalized_score": 94.87640709270701,
      "n_anomalies": 3
    },
    {
      "anon_id": 68,
      "true_diagnosis": "CN",
      "default_score": 71.24054257454563,
      "personalized_score": 89.11972611114547,
      "n_anomalies": 142
    }
  ]
}