{
  "cn_peak_hour": 16.25,
  "cn_mean_score": 0.23702839687790264,
  "ci_peak_hour": 15.75,
  "ci_mean_score": 0.3699148148122239,
  "ci_vs_cn_ratio": 1.5606350111829566,
  "peak_shift_hours": -0.5,
  "train_cn_subjects": [
    8,
    16,
    35,
    41,
    46,
    47,
    48,
    49
  ],
  "eval_cn_subjects": [
    33,
    34,
    36,
    37,
    40,
    44,
    45,
    65
  ],
  "eval_ci_subjects": [
    1,
    2,
    3,
    4,
    5,
    7,
    10,
    12,
    13,
    14,
    15,
    17,
    19,
    20,
    21,
    22,
    23,
    24,
    25,
    26,
    27,
    28,
    29,
    30,
    31,
    50,
    51,
    52,
    53,
    54,
    58,
    59,
    60,
    62,
    63,
    64
  ]
}