Dimension,CN_mean,CN_std,CI_mean,CI_std,p_value,cohens_d,significance
Circadian,-0.6226479675953978,0.6490155716490529,-0.6537972759571338,1.0986285142144752,0.5589402775491719,-0.03452301793495416,ns
Task,-0.43803514499647533,0.4669096748209623,-0.4095255174739981,0.5891522084148483,0.46962377723310034,0.05363422110666493,ns
Movement,-88.59369413686242,28.506028290750823,-85.42833989115053,33.20723543221969,0.6415362431579414,0.10228626287332519,ns
Social,-0.1231797051988014,0.5771948016895949,-0.22385222578514505,0.44907225875459333,0.5326028129364742,-0.19468039956439034,ns
